{"width":640,"height":480,"intrinsic_matrix":[618.30070385914019,0,0,0,618.13610573396591,0,320,240,1]}